{
  "Close Sessions On End" : true,
  "Ansi 15 Color (Dark)" : {
    "Green Component" : 0.84936714172363281,
    "Blue Component" : 0.84938156604766846,
    "Red Component" : 0.8493925929069519
  },
  "Non-ASCII Anti Aliased" : true,
  "Cursor Text Color" : {
    "Red Component" : 1,
    "Color Space" : "sRGB",
    "Blue Component" : 1,
    "Alpha Component" : 1,
    "Green Component" : 1
  },
  "Prompt Before Closing 2" : false,
  "Ansi 3 Color (Dark)" : {
    "Green Component" : 0.59536725282669067,
    "Blue Component" : 0.11582206189632416,
    "Red Component" : 0.96285504102706909
  },
  "Ansi 12 Color (Dark)" : {
    "Green Component" : 0.64410710334777832,
    "Blue Component" : 0.95445334911346436,
    "Red Component" : 0.32856267690658569
  },
  "Mouse Reporting" : true,
  "Use Underline Color (Light)" : false,
  "Disable Window Resizing" : true,
  "BM Growl" : true,
  "Background Color (Dark)" : {
    "Green Component" : 0.13542565703392029,
    "Blue Component" : 0.13233847916126251,
    "Red Component" : 0.13533444702625275
  },
  "Guid" : "942734DD-4973-422D-B09C-A1C52FD010F4",
  "Cursor Color (Dark)" : {
    "Green Component" : 0.6861264705657959,
    "Blue Component" : 0.79186719655990601,
    "Red Component" : 0.086931481957435608
  },
  "Selection Color (Dark)" : {
    "Green Component" : 0.87323933839797974,
    "Blue Component" : 0.87325412034988403,
    "Red Component" : 0.87326544523239136
  },
  "Scrollback Lines" : 1000,
  "Badge Color (Dark)" : {
    "Red Component" : 0.92929404973983765,
    "Color Space" : "P3",
    "Blue Component" : 0.13960540294647217,
    "Alpha Component" : 0.5,
    "Green Component" : 0.25479039549827576
  },
  "Ansi 0 Color (Dark)" : {
    "Green Component" : 0.12941177189350128,
    "Blue Component" : 0.12941177189350128,
    "Red Component" : 0.12941177189350128
  },
  "Transparency" : 0,
  "Tab Color (Dark)" : {
    "Red Component" : 0.096251316368579878,
    "Color Space" : "P3",
    "Blue Component" : 0.14264843909948413,
    "Alpha Component" : 1,
    "Green Component" : 0.19352701306343079
  },
  "Use Bright Bold" : true,
  "Horizontal Spacing" : 1,
  "Ansi 13 Color (Light)" : {
    "Green Component" : 0.30266252160072327,
    "Blue Component" : 0.73656630516052246,
    "Red Component" : 0.66606861352920532
  },
  "Blur" : true,
  "Ansi 13 Color" : {
    "Red Component" : 0.8821563720703125,
    "Color Space" : "sRGB",
    "Blue Component" : 0.8821563720703125,
    "Alpha Component" : 1,
    "Green Component" : 0.4927266538143158
  },
  "Ansi 2 Color (Dark)" : {
    "Green Component" : 0.4825465977191925,
    "Blue Component" : 0.13958784937858582,
    "Red Component" : 0.27130207419395447
  },
  "Cursor Color" : {
    "Red Component" : 0,
    "Color Space" : "sRGB",
    "Blue Component" : 0,
    "Alpha Component" : 1,
    "Green Component" : 0
  },
  "Use Cursor Guide (Light)" : false,
  "Option Key Sends" : 0,
  "Idle Code" : 0,
  "Ansi 13 Color (Dark)" : {
    "Green Component" : 0.30266252160072327,
    "Blue Component" : 0.73656630516052246,
    "Red Component" : 0.66606861352920532
  },
  "Send Code When Idle" : false,
  "Selection Color" : {
    "Red Component" : 0.70196080207824707,
    "Color Space" : "sRGB",
    "Blue Component" : 1,
    "Alpha Component" : 1,
    "Green Component" : 0.84313726425170898
  },
  "Terminal Type" : "xterm-256color",
  "Cursor Boost (Dark)" : 0,
  "Right Option Key Sends" : 0,
  "Background Color" : {
    "Red Component" : 0.97999999999999998,
    "Color Space" : "sRGB",
    "Blue Component" : 0.97999999999999998,
    "Alpha Component" : 1,
    "Green Component" : 0.97999999999999998
  },
  "Ansi 10 Color (Dark)" : {
    "Green Component" : 0.73019099235534668,
    "Blue Component" : 0.22740326821804047,
    "Red Component" : 0.47961589694023132
  },
  "Ansi 10 Color" : {
    "Red Component" : 0.3450070321559906,
    "Color Space" : "sRGB",
    "Blue Component" : 0.56541937589645386,
    "Alpha Component" : 1,
    "Green Component" : 0.9042816162109375
  },
  "Vertical Spacing" : 1,
  "Use Tab Color (Light)" : false,
  "Columns" : 187,
  "Ansi 2 Color (Light)" : {
    "Green Component" : 0.4825465977191925,
    "Blue Component" : 0.13958784937858582,
    "Red Component" : 0.27130207419395447
  },
  "Screen" : -2,
  "Cursor Text Color (Dark)" : {
    "Green Component" : 0.87323933839797974,
    "Blue Component" : 0.87325412034988403,
    "Red Component" : 0.87326544523239136
  },
  "Description" : "Default",
  "Unlimited Scrollback" : true,
  "Use Italic Font" : true,
  "Working Directory" : "\/Users\/jjohnson",
  "Selected Text Color (Dark)" : {
    "Green Component" : 0.23922491073608398,
    "Blue Component" : 0.23922896385192871,
    "Red Component" : 0.23923206329345703
  },
  "Use Cursor Guide (Dark)" : false,
  "Visual Bell" : true,
  "Link Color (Light)" : {
    "Red Component" : 0.14513972401618958,
    "Color Space" : "P3",
    "Blue Component" : 0.7093239426612854,
    "Alpha Component" : 1,
    "Green Component" : 0.35333043336868286
  },
  "Ansi 1 Color (Dark)" : {
    "Green Component" : 0.078879080712795258,
    "Blue Component" : 0.12038997560739517,
    "Red Component" : 0.718147873878479
  },
  "Default Bookmark" : "No",
  "Ansi 14 Color (Light)" : {
    "Green Component" : 0.73243516683578491,
    "Blue Component" : 0.82006889581680298,
    "Red Component" : 0.14981316030025482
  },
  "Ansi 7 Color (Light)" : {
    "Green Component" : 0.93607044219970703,
    "Blue Component" : 0.93608629703521729,
    "Red Component" : 0.93609845638275146
  },
  "Prompt Path Click Opens Navigator" : true,
  "Ansi 3 Color (Light)" : {
    "Green Component" : 0.59536725282669067,
    "Blue Component" : 0.11582206189632416,
    "Red Component" : 0.96285504102706909
  },
  "Ansi 9 Color (Dark)" : {
    "Green Component" : 0.23034398257732391,
    "Blue Component" : 0.24844314157962799,
    "Red Component" : 0.90986210107803345
  },
  "Badge Color (Light)" : {
    "Red Component" : 0.92929404973983765,
    "Color Space" : "P3",
    "Blue Component" : 0.13960540294647217,
    "Alpha Component" : 0.5,
    "Green Component" : 0.25479039549827576
  },
  "Ansi 14 Color (Dark)" : {
    "Green Component" : 0.73243516683578491,
    "Blue Component" : 0.82006889581680298,
    "Red Component" : 0.14981316030025482
  },
  "Tags" : [

  ],
  "Link Color (Dark)" : {
    "Red Component" : 0.14513972401618958,
    "Color Space" : "P3",
    "Blue Component" : 0.7093239426612854,
    "Alpha Component" : 1,
    "Green Component" : 0.35333043336868286
  },
  "Custom Command" : "No",
  "Jobs to Ignore" : [
    "rlogin",
    "ssh",
    "slogin",
    "telnet"
  ],
  "Use Non-ASCII Font" : false,
  "Custom Directory" : "No",
  "Use Selected Text Color (Light)" : true,
  "Bold Color (Light)" : {
    "Green Component" : 0.078879080712795258,
    "Blue Component" : 0.12038997560739517,
    "Red Component" : 0.718147873878479
  },
  "Brighten Bold Text (Dark)" : false,
  "Ansi 8 Color (Light)" : {
    "Green Component" : 0.25882354378700256,
    "Blue Component" : 0.25882354378700256,
    "Red Component" : 0.25882354378700256
  },
  "Name" : "Default",
  "Ansi 11 Color (Dark)" : {
    "Green Component" : 0.91622048616409302,
    "Blue Component" : 0.18199658393859863,
    "Red Component" : 0.99857872724533081
  },
  "Treat Option as Alt" : true,
  "Application Keypad Allowed" : true,
  "Ansi 14 Color" : {
    "Red Component" : 0.37597531080245972,
    "Color Space" : "sRGB",
    "Blue Component" : 1,
    "Alpha Component" : 1,
    "Green Component" : 0.99263292551040649
  },
  "Faint Text Alpha (Dark)" : 0.81058372641509435,
  "Blur Radius" : 0.10000000000000001,
  "Rows" : 86,
  "Background Color (Light)" : {
    "Green Component" : 0.13542565703392029,
    "Blue Component" : 0.13233847916126251,
    "Red Component" : 0.13533444702625275
  },
  "Cursor Guide Color (Light)" : {
    "Red Component" : 0.74862593412399292,
    "Color Space" : "P3",